Heb Sort,Grk Sort,BSB Sort,Language,Vs,Original Word,Translit,Parsing,Parsing Detailed,Strongs,Verse,Heading,Cross References,BSB Version,Footnotes,BDB / Thayers
999999,115386,420882,Greek,29940,Παῦλος,Paulos,N-NMS,Noun - Nominative Masculine Singular,3972,Philemon 1:1,Greetings from Paul and Timothy,(Philippians 1:1–2; Colossians 1:1–2)," Paul , ",,"Paul, Paulus. Of Latin origin; Paulus, the name of a Roman and of an apostle."
999999,115387,420883,Greek,29940,δέσμιος,desmios,N-NMS,Noun - Nominative Masculine Singular,1198,,,, a prisoner ,,"One bound, a prisoner. From desmon; a captive."
999999,115388,420884,Greek,29940,Χριστοῦ,Christou,N-GMS,Noun - Genitive Masculine Singular,5547,,,, of Christ ,,"Anointed One; the Messiah, the Christ. From chrio; Anointed One, i.e. The Messiah, an epithet of Jesus."
999999,115389,420885,Greek,29940,Ἰησοῦ,Iēsou,N-GMS,Noun - Genitive Masculine Singular,2424,,,," Jesus , ",,"Of Hebrew origin; Jesus, the name of our Lord and two other Israelites."
999999,115390,420886,Greek,29940,καὶ,kai,Conj,Conjunction,2532,,,, and ,,"And, even, also, namely. "
999999,115391,420887,Greek,29940,Τιμόθεος,Timotheos,N-NMS,Noun - Nominative Masculine Singular,5095,,,, Timothy ,,"Timothy, a Christian of Lystra, helper of Paul. From time and theos; dear to God; Timotheus, a Christian."
999999,115392,420888,Greek,29940,ὁ,ho,Art-NMS,Article - Nominative Masculine Singular,3588,,,, [our] ,,"The, the definite article. Including the feminine he, and the neuter to in all their inflections; the definite article; the."
999999,115393,420889,Greek,29940,ἀδελφὸς,adelphos,N-NMS,Noun - Nominative Masculine Singular,80,,,," brother , ",,"A brother, member of the same religious community, especially a fellow-Christian. A brother near or remote."
999999,115394,420890,Greek,29940,Φιλήμονι,Philēmoni,N-DMS,Noun - Dative Masculine Singular,5371,,,, To Philemon ,,"Philemon, a Christian man of Colossae. From phileo; friendly; Philemon, a Christian."
999999,115399,420891,Greek,29940,ἡμῶν,hēmōn,PPro-G1P,Personal / Possessive Pronoun - Genitive 1st Person Plural,1473,,,, our ,,"I, the first-person pronoun. A primary pronoun of the first person I."
999999,115395,420892,Greek,29940,τῷ,tō,Art-DMS,Article - Dative Masculine Singular,3588,,,, - ,,"The, the definite article. Including the feminine he, and the neuter to in all their inflections; the definite article; the."
999999,115396,420893,Greek,29940,ἀγαπητῷ,agapētō,Adj-DMS,Adjective - Dative Masculine Singular,27,,,, beloved ,,From agapao; beloved.
999999,115397,420894,Greek,29940,καὶ,kai,Conj,Conjunction,2532,,,, - ,,"And, even, also, namely. "
999999,115398,420895,Greek,29940,συνεργῷ,synergō,Adj-DMS,Adjective - Dative Masculine Singular,4904,,,," fellow worker , ",,"A fellow worker, associate, helper. From a presumed compound of sun and the base of ergon; a co-laborer, i.e. Coadjutor."
999999,115400,420896,Greek,29941,καὶ,kai,Conj,Conjunction,2532,Philemon 1:2,,, - ,,"And, even, also, namely. "
999999,115401,420897,Greek,29941,Ἀπφίᾳ,Apphia,N-DFS,Noun - Dative Feminine Singular,682,,,, to Apphia ,,"Probably of foreign origin; Apphia, a woman of Collosae."
999999,115402,420898,Greek,29941,τῇ,tē,Art-DFS,Article - Dative Feminine Singular,3588,,,, our ,,"The, the definite article. Including the feminine he, and the neuter to in all their inflections; the definite article; the."
999999,115403,420899,Greek,29941,ἀδελφῇ,adelphē,N-DFS,Noun - Dative Feminine Singular,79,,,," sister , ",,"A sister, a woman (fellow-)member of a church, a Christian woman. Fem of adephos; a sister."
999999,115404,420900,Greek,29941,καὶ,kai,Conj,Conjunction,2532,,,, - ,,"And, even, also, namely. "
999999,115405,420901,Greek,29941,Ἀρχίππῳ,Archippō,N-DMS,Noun - Dative Masculine Singular,751,,,, to Archippus ,,"Archippus, a Christian of Colossae. From arche and hippos; horse-ruler; Archippus, a Christian."
999999,115408,420902,Greek,29941,ἡμῶν,hēmōn,PPro-G1P,Personal / Possessive Pronoun - Genitive 1st Person Plural,1473,,,, our ,,"I, the first-person pronoun. A primary pronoun of the first person I."
999999,115406,420903,Greek,29941,τῷ,tō,Art-DMS,Article - Dative Masculine Singular,3588,,,, - ,,"The, the definite article. Including the feminine he, and the neuter to in all their inflections; the definite article; the."
999999,115407,420904,Greek,29941,συστρατιώτῃ,systratiōtē,N-DMS,Noun - Dative Masculine Singular,4961,,,," fellow soldier , ",,"A fellow soldier (in the Christian faith). From sun and stratiotes; a co-campaigner, i.e. an associate in Christian toil."
999999,115409,420905,Greek,29941,καὶ,kai,Conj,Conjunction,2532,,,, and ,,"And, even, also, namely. "
999999,115410,420906,Greek,29941,τῇ,tē,Art-DFS,Article - Dative Feminine Singular,3588,,,, to the ,,"The, the definite article. Including the feminine he, and the neuter to in all their inflections; the definite article; the."
999999,115414,420907,Greek,29941,ἐκκλησίᾳ,ekklēsia,N-DFS,Noun - Dative Feminine Singular,1577,,,, church ,,"From a compound of ek and a derivative of kaleo; a calling out, i.e. a popular meeting, especially a religious congregation."
999999,115411,420908,Greek,29941,κατ’,kat’,Prep,Preposition,2596,,,, [that meets] at ,,"A primary particle; down, in varied relations (genitive, dative or accusative) with which it is joined)."
999999,115413,420909,Greek,29941,σου,sou,PPro-G2S,Personal / Possessive Pronoun - Genitive 2nd Person Singular,4771,,,, your ,"<i>You</i> and <i>Your</i> are singular throughout this letter, except in verses 3, 22, and 25.",You. The person pronoun of the second person singular; thou.
999999,115412,420910,Greek,29941,οἶκόν,oikon,N-AMS,Noun - Accusative Masculine Singular,3624,,,, house : ,,"A dwelling; by implication, a family."
999999,115415,420911,Greek,29942,Χάρις,Charis,N-NFS,Noun - Nominative Feminine Singular,5485,Philemon 1:3,,, Grace ,,"From chairo; graciousness, of manner or act."
999999,115417,420912,Greek,29942,καὶ,kai,Conj,Conjunction,2532,,,, and ,,"And, even, also, namely. "
999999,115418,420913,Greek,29942,εἰρήνη,eirēnē,N-NFS,Noun - Nominative Feminine Singular,1515,,,, peace ,,"Probably from a primary verb eiro; peace; by implication, prosperity."
999999,115416,420914,Greek,29942,ὑμῖν,hymin,PPro-D2P,Personal / Possessive Pronoun - Dative 2nd Person Plural,4771,,,, to you ,,You. The person pronoun of the second person singular; thou.
999999,115419,420915,Greek,29942,ἀπὸ,apo,Prep,Preposition,575,,,, from ,,"From, away from. A primary particle; |off, | i.e. Away, in various senses."
999999,115420,420916,Greek,29942,Θεοῦ,Theou,N-GMS,Noun - Genitive Masculine Singular,2316,,,, God ,,"A deity, especially the supreme Divinity; figuratively, a magistrate; by Hebraism, very."
999999,115422,420917,Greek,29942,ἡμῶν,hēmōn,PPro-G1P,Personal / Possessive Pronoun - Genitive 1st Person Plural,1473,,,, our ,,"I, the first-person pronoun. A primary pronoun of the first person I."
999999,115421,420918,Greek,29942,Πατρὸς,Patros,N-GMS,Noun - Genitive Masculine Singular,3962,,,, Father ,,"Father, (Heavenly) Father, ancestor, elder, senior. Apparently a primary word; a |father|."
999999,115423,420919,Greek,29942,καὶ,kai,Conj,Conjunction,2532,,,, and ,,"And, even, also, namely. "
999999,115424,420920,Greek,29942,Κυρίου,Kyriou,N-GMS,Noun - Genitive Masculine Singular,2962,,,, [the] Lord ,,"Lord, master, sir; the Lord. From kuros; supreme in authority, i.e. controller; by implication, Master."
999999,115425,420921,Greek,29942,Ἰησοῦ,Iēsou,N-GMS,Noun - Genitive Masculine Singular,2424,,,, Jesus ,,"Of Hebrew origin; Jesus, the name of our Lord and two other Israelites."
999999,115426,420922,Greek,29942,Χριστοῦ,Christou,N-GMS,Noun - Genitive Masculine Singular,5547,,,, Christ . ,,"Anointed One; the Messiah, the Christ. From chrio; Anointed One, i.e. The Messiah, an epithet of Jesus."
999999,115427,420923,Greek,29943,Εὐχαριστῶ,Eucharistō,V-PIA-1S,Verb - Present Indicative Active - 1st Person Singular,2168,Philemon 1:4,Philemon’s Faith and Love,, I always thank ,,"From eucharistos; to be grateful, i.e. to express gratitude; specially, to say grace at a meal."
999999,115431,420924,Greek,29943,πάντοτε,pantote,Adv,Adverb,3842,,,, . . . ,,"Always, at all times, ever. From pas and hote; every when, i.e. At all times."
999999,115430,420925,Greek,29943,μου,mou,PPro-G1S,Personal / Possessive Pronoun - Genitive 1st Person Singular,1473,,,, my ,,"I, the first-person pronoun. A primary pronoun of the first person I."
999999,115428,420926,Greek,29943,τῷ,tō,Art-DMS,Article - Dative Masculine Singular,3588,,,, - ,,"The, the definite article. Including the feminine he, and the neuter to in all their inflections; the definite article; the."
999999,115429,420927,Greek,29943,Θεῷ,Theō,N-DMS,Noun - Dative Masculine Singular,2316,,,," God , ",,"A deity, especially the supreme Divinity; figuratively, a magistrate; by Hebraism, very."
999999,115434,420928,Greek,29943,ποιούμενος,poioumenos,V-PPM-NMS,Verb - Present Participle Middle - Nominative Masculine Singular,4160,,,, remembering ,,"(a) I make, manufacture, construct, (b) I do, act, cause. Apparently a prolonged form of an obsolete primary; to make or do."
999999,115432,420929,Greek,29943,μνείαν,mneian,N-AFS,Noun - Accusative Feminine Singular,3417,,,, . . . ,,"Remembrance, recollection, mention; commemoration. From mnaomai or mimnesko; recollection; by implication, recital."
999999,115433,420930,Greek,29943,σου,sou,PPro-G2S,Personal / Possessive Pronoun - Genitive 2nd Person Singular,4771,,,, you ,,You. The person pronoun of the second person singular; thou.
999999,115435,420931,Greek,29943,ἐπὶ,epi,Prep,Preposition,1909,,,, in ,,"On, to, against, on the basis of, at. "
999999,115438,420932,Greek,29943,μου,mou,PPro-G1S,Personal / Possessive Pronoun - Genitive 1st Person Singular,1473,,,, my ,,"I, the first-person pronoun. A primary pronoun of the first person I."
999999,115436,420933,Greek,29943,τῶν,tōn,Art-GFP,Article - Genitive Feminine Plural,3588,,,, - ,,"The, the definite article. Including the feminine he, and the neuter to in all their inflections; the definite article; the."
999999,115437,420934,Greek,29943,προσευχῶν,proseuchōn,N-GFP,Noun - Genitive Feminine Plural,4335,,,," prayers , ",,"From proseuchomai; prayer; by implication, an oratory."
999999,115439,420935,Greek,29944,ἀκούων,akouōn,V-PPA-NMS,Verb - Present Participle Active - Nominative Masculine Singular,191,Philemon 1:5,,, because I hear about ,,"To hear, listen, comprehend by hearing; pass: is heard, reported. A primary verb; to hear."
999999,115446,420936,Greek,29944,ἣν,hēn,RelPro-AFS,Personal / Relative Pronoun - Accusative Feminine Singular,3739,,,, - ,,"Who, which, what, that. "
999999,115447,420937,Greek,29944,ἔχεις,echeis,V-PIA-2S,Verb - Present Indicative Active - 2nd Person Singular,2192,,,, your ,,"To have, hold, possess. Including an alternate form scheo skheh'-o; a primary verb; to hold."
999999,115444,420938,Greek,29944,τὴν,tēn,Art-AFS,Article - Accusative Feminine Singular,3588,,,, - ,,"The, the definite article. Including the feminine he, and the neuter to in all their inflections; the definite article; the."
999999,115445,420939,Greek,29944,πίστιν,pistin,N-AFS,Noun - Accusative Feminine Singular,4102,,,, faith ,,"Faith, belief, trust, confidence; fidelity, faithfulness. "
999999,115448,420940,Greek,29944,πρὸς,pros,Prep,Preposition,4314,,,, in ,,"To, towards, with. A strengthened form of pro; a preposition of direction; forward to, i.e. Toward."
999999,115449,420941,Greek,29944,τὸν,ton,Art-AMS,Article - Accusative Masculine Singular,3588,,,, the ,,"The, the definite article. Including the feminine he, and the neuter to in all their inflections; the definite article; the."
999999,115450,420942,Greek,29944,Κύριον,Kyrion,N-AMS,Noun - Accusative Masculine Singular,2962,,,, Lord ,,"Lord, master, sir; the Lord. From kuros; supreme in authority, i.e. controller; by implication, Master."
999999,115451,420943,Greek,29944,Ἰησοῦν,Iēsoun,N-AMS,Noun - Accusative Masculine Singular,2424,,,, Jesus ,,"Of Hebrew origin; Jesus, the name of our Lord and two other Israelites."
999999,115452,420944,Greek,29944,καὶ,kai,Conj,Conjunction,2532,,,, and ,,"And, even, also, namely. "
999999,115440,420945,Greek,29944,σου,sou,PPro-G2S,Personal / Possessive Pronoun - Genitive 2nd Person Singular,4771,,,, your ,,You. The person pronoun of the second person singular; thou.
999999,115441,420946,Greek,29944,τὴν,tēn,Art-AFS,Article - Accusative Feminine Singular,3588,,,, - ,,"The, the definite article. Including the feminine he, and the neuter to in all their inflections; the definite article; the."
999999,115442,420947,Greek,29944,ἀγάπην,agapēn,N-AFS,Noun - Accusative Feminine Singular,26,,,, love ,,"From agapao; love, i.e. Affection or benevolence; specially a love-feast."
999999,115443,420948,Greek,29944,καὶ,kai,Conj,Conjunction,2532,,,, - ,,"And, even, also, namely. "
999999,115453,420949,Greek,29944,εἰς,eis,Prep,Preposition,1519,,,, for ,,"A primary preposition; to or into, of place, time, or purpose; also in adverbial phrases."
999999,115454,420950,Greek,29944,πάντας,pantas,Adj-AMP,Adjective - Accusative Masculine Plural,3956,,,, all ,,"All, the whole, every kind of. Including all the forms of declension; apparently a primary word; all, any, every, the whole."
999999,115455,420951,Greek,29944,τοὺς,tous,Art-AMP,Article - Accusative Masculine Plural,3588,,,, the ,,"The, the definite article. Including the feminine he, and the neuter to in all their inflections; the definite article; the."
999999,115456,420952,Greek,29944,ἁγίους,hagious,Adj-AMP,Adjective - Accusative Masculine Plural,40,,,, saints . ,,"Set apart by (or for) God, holy, sacred. From hagos; sacred."
999999,115457,420953,Greek,29945,ὅπως,hopōs,Conj,Conjunction,3704,Philemon 1:6,,, [I pray] that ,,"From hos and pos; what(-ever) how, i.e. In the manner that (as adverb or conjunction of coincidence, intentional or actual)."
999999,115458,420954,Greek,29945,ἡ,hē,Art-NFS,Article - Nominative Feminine Singular,3588,,,, - ,,"The, the definite article. Including the feminine he, and the neuter to in all their inflections; the definite article; the."
999999,115462,420955,Greek,29945,σου,sou,PPro-G2S,Personal / Possessive Pronoun - Genitive 2nd Person Singular,4771,,,, your ,,You. The person pronoun of the second person singular; thou.
999999,115459,420956,Greek,29945,κοινωνία,koinōnia,N-NFS,Noun - Nominative Feminine Singular,2842,,,, partnership ,,"From koinonos; partnership, i.e. participation, or intercourse, or benefaction."
999999,115460,420957,Greek,29945,τῆς,tēs,Art-GFS,Article - Genitive Feminine Singular,3588,,,, in the ,,"The, the definite article. Including the feminine he, and the neuter to in all their inflections; the definite article; the."
999999,115461,420958,Greek,29945,πίστεώς,pisteōs,N-GFS,Noun - Genitive Feminine Singular,4102,,,, faith ,,"Faith, belief, trust, confidence; fidelity, faithfulness. "
999999,115464,420959,Greek,29945,γένηται,genētai,V-ASM-3S,Verb - Aorist Subjunctive Middle - 3rd Person Singular,1096,,,, may become ,,"A prolongation and middle voice form of a primary verb; to cause to be, i.e. to become, used with great latitude."
999999,115463,420960,Greek,29945,ἐνεργὴς,energēs,Adj-NFS,Adjective - Nominative Feminine Singular,1756,,,, effective ,,"Effective, productive of due result, at work. From en and ergon; active, operative."
999999,115465,420961,Greek,29945,ἐν,en,Prep,Preposition,1722,,,, as ,,"In, on, among. A primary preposition denoting position, and instrumentality, i.e. A relation of rest; |in, | at, on, by, etc."
999999,115466,420962,Greek,29945,ἐπιγνώσει,epignōsei,N-DFS,Noun - Dative Feminine Singular,1922,,,, you fully acknowledge ,,"From epiginosko; recognition, i.e. full discernment, acknowledgement."
999999,115467,420963,Greek,29945,παντὸς,pantos,Adj-GNS,Adjective - Genitive Neuter Singular,3956,,,, every ,,"All, the whole, every kind of. Including all the forms of declension; apparently a primary word; all, any, every, the whole."
999999,115468,420964,Greek,29945,ἀγαθοῦ,agathou,Adj-GNS,Adjective - Genitive Neuter Singular,18,,,, good [thing] ,,A primary word; |good|.
999999,115469,420965,Greek,29945,τοῦ,tou,Art-GNS,Article - Genitive Neuter Singular,3588,,,, that [is] ,,"The, the definite article. Including the feminine he, and the neuter to in all their inflections; the definite article; the."
999999,115470,420966,Greek,29945,ἐν,en,Prep,Preposition,1722,,,, vvv ,,"In, on, among. A primary preposition denoting position, and instrumentality, i.e. A relation of rest; |in, | at, on, by, etc."
999999,115471,420967,Greek,29945,ἡμῖν,hēmin,PPro-D1P,Personal / Possessive Pronoun - Dative 1st Person Plural,1473,,,, ours ,,"I, the first-person pronoun. A primary pronoun of the first person I."
999999,115472,420968,Greek,29945,εἰς,eis,Prep,Preposition,1519,,,, in ,,"A primary preposition; to or into, of place, time, or purpose; also in adverbial phrases."
999999,115473,420969,Greek,29945,Χριστόν,Christon,N-AMS,Noun - Accusative Masculine Singular,5547,,,, Christ . ,,"Anointed One; the Messiah, the Christ. From chrio; Anointed One, i.e. The Messiah, an epithet of Jesus."
999999,115475,420970,Greek,29946,γὰρ,gar,Conj,Conjunction,1063,Philemon 1:7,,, - ,,"For. A primary particle; properly, assigning a reason."
999999,115477,420971,Greek,29946,ἔσχον,eschon,V-AIA-1S,Verb - Aorist Indicative Active - 1st Person Singular,2192,,,, I take ,,"To have, hold, possess. Including an alternate form scheo skheh'-o; a primary verb; to hold."
999999,115476,420972,Greek,29946,πολλὴν,pollēn,Adj-AFS,Adjective - Accusative Feminine Singular,4183,,,, great ,,"Much, many; often. "
999999,115474,420973,Greek,29946,χαρὰν,charan,N-AFS,Noun - Accusative Feminine Singular,5479,,,, joy ,,"Joy, gladness, a source of joy. From chairo; cheerfulness, i.e. Calm delight."
999999,115478,420974,Greek,29946,καὶ,kai,Conj,Conjunction,2532,,,, and ,,"And, even, also, namely. "
999999,115479,420975,Greek,29946,παράκλησιν,paraklēsin,N-AFS,Noun - Accusative Feminine Singular,3874,,,, encouragement ,,"From parakaleo; imploration, hortation, solace."
999999,115480,420976,Greek,29946,ἐπὶ,epi,Prep,Preposition,1909,,,, in ,,"On, to, against, on the basis of, at. "
999999,115483,420977,Greek,29946,σου,sou,PPro-G2S,Personal / Possessive Pronoun - Genitive 2nd Person Singular,4771,,,, your ,,You. The person pronoun of the second person singular; thou.
999999,115481,420978,Greek,29946,τῇ,tē,Art-DFS,Article - Dative Feminine Singular,3588,,,, - ,,"The, the definite article. Including the feminine he, and the neuter to in all their inflections; the definite article; the."
999999,115482,420979,Greek,29946,ἀγάπῃ,agapē,N-DFS,Noun - Dative Feminine Singular,26,,,," love , ",,"From agapao; love, i.e. Affection or benevolence; specially a love-feast."
999999,115484,420980,Greek,29946,ὅτι,hoti,Conj,Conjunction,3754,,,, because ,,"Neuter of hostis as conjunction; demonstrative, that; causative, because."
999999,115491,420981,Greek,29946,σοῦ,sou,PPro-G2S,Personal / Possessive Pronoun - Genitive 2nd Person Singular,4771,,,," you , ",,You. The person pronoun of the second person singular; thou.
999999,115492,420982,Greek,29946,ἀδελφέ,adelphe,N-VMS,Noun - Vocative Masculine Singular,80,,,," brother , ",,"A brother, member of the same religious community, especially a fellow-Christian. A brother near or remote."
999999,115489,420983,Greek,29946,ἀναπέπαυται,anapepautai,V-RIM/P-3S,Verb - Perfect Indicative Middle or Passive - 3rd Person Singular,373,,,, have refreshed ,,"From ana and pauo; to repose (be exempt), remain); by implication, to refresh."
999999,115490,420984,Greek,29946,διὰ,dia,Prep,Preposition,1223,,,, - ,,A primary preposition denoting the channel of an act; through.
999999,115485,420985,Greek,29946,τὰ,ta,Art-NNP,Article - Nominative Neuter Plural,3588,,,, the ,,"The, the definite article. Including the feminine he, and the neuter to in all their inflections; the definite article; the."
999999,115486,420986,Greek,29946,σπλάγχνα,splanchna,N-NNP,Noun - Nominative Neuter Plural,4698,,,, hearts ,,"Probably strengthened from splen; an intestine; figuratively, pity or sympathy."
999999,115487,420987,Greek,29946,τῶν,tōn,Art-GMP,Article - Genitive Masculine Plural,3588,,,, of the ,,"The, the definite article. Including the feminine he, and the neuter to in all their inflections; the definite article; the."
999999,115488,420988,Greek,29946,ἁγίων,hagiōn,Adj-GMP,Adjective - Genitive Masculine Plural,40,,,, saints . ,,"Set apart by (or for) God, holy, sacred. From hagos; sacred."
999999,115493,420989,Greek,29947,Διό,Dio,Conj,Conjunction,1352,Philemon 1:8,Paul’s Appeal for Onesimus,, So ,,"Wherefore, on which account, therefore. From dia and hos; through which thing, i.e. Consequently."
999999,115495,420990,Greek,29947,ἐν,en,Prep,Preposition,1722,,,, {although} in ,,"In, on, among. A primary preposition denoting position, and instrumentality, i.e. A relation of rest; |in, | at, on, by, etc."
999999,115496,420991,Greek,29947,Χριστῷ,Christō,N-DMS,Noun - Dative Masculine Singular,5547,,,, Christ ,,"Anointed One; the Messiah, the Christ. From chrio; Anointed One, i.e. The Messiah, an epithet of Jesus."
999999,115498,420992,Greek,29947,ἔχων,echōn,V-PPA-NMS,Verb - Present Participle Active - Nominative Masculine Singular,2192,,,, I am ,,"To have, hold, possess. Including an alternate form scheo skheh'-o; a primary verb; to hold."
999999,115497,420993,Greek,29947,παρρησίαν,parrēsian,N-AFS,Noun - Accusative Feminine Singular,3954,,,, bold ,,"From pas and a derivative of rheo; all out-spokenness, i.e. Frankness, bluntness, publicity; by implication, assurance."
999999,115494,420994,Greek,29947,πολλὴν,pollēn,Adj-AFS,Adjective - Accusative Feminine Singular,4183,,,, enough ,,"Much, many; often. "
999999,115499,420995,Greek,29947,ἐπιτάσσειν,epitassein,V-PNA,Verb - Present Infinitive Active,2004,,,, to order ,,"To give order, command, charge. From epi and tasso; to arrange upon, i.e. Order."
999999,115500,420996,Greek,29947,σοι,soi,PPro-D2S,Personal / Possessive Pronoun - Dative 2nd Person Singular,4771,,,, you [to do] ,,You. The person pronoun of the second person singular; thou.
999999,115501,420997,Greek,29947,τὸ,to,Art-ANS,Article - Accusative Neuter Singular,3588,,,, what [is] ,,"The, the definite article. Including the feminine he, and the neuter to in all their inflections; the definite article; the."
999999,115502,420998,Greek,29947,ἀνῆκον,anēkon,V-PPA-ANS,Verb - Present Participle Active - Accusative Neuter Singular,433,,,," proper , ",,"Is due, becoming, suitable, proper. From ana and heko; to attain to, i.e. be proper."
999999,115506,420999,Greek,29948,μᾶλλον,mallon,Adv,Adverb,3123,Philemon 1:9,,, vvv ,,"More, rather. Neuter of the comparative of the same as malista; more) or rather."
999999,115507,421000,Greek,29948,παρακαλῶ,parakalō,V-PIA-1S,Verb - Present Indicative Active - 1st Person Singular,3870,,,, I prefer to appeal ,,"From para and kaleo; to call near, i.e. Invite, invoke."
999999,115503,421001,Greek,29948,διὰ,dia,Prep,Preposition,1223,,,, on the basis of ,,A primary preposition denoting the channel of an act; through.
999999,115504,421002,Greek,29948,τὴν,tēn,Art-AFS,Article - Accusative Feminine Singular,3588,,,, - ,,"The, the definite article. Including the feminine he, and the neuter to in all their inflections; the definite article; the."
999999,115505,421003,Greek,29948,ἀγάπην,agapēn,N-AFS,Noun - Accusative Feminine Singular,26,,,, love . ,,"From agapao; love, i.e. Affection or benevolence; specially a love-feast."
999999,115510,421004,Greek,29948,ὡς,hōs,Adv,Adverb,5613,,,, [For] ,,"Probably adverb of comparative from hos; which how, i.e. In that manner."
999999,115508,421005,Greek,29948,τοιοῦτος,toioutos,DPro-NMS,Demonstrative Pronoun - Nominative Masculine Singular,5108,,,," I , ",,"(including the other inflections); from toi and houtos; truly this, i.e. Of this sort (to denote character or individuality)."
999999,115511,421006,Greek,29948,Παῦλος,Paulos,N-NMS,Noun - Nominative Masculine Singular,3972,,,," Paul , ",,"Paul, Paulus. Of Latin origin; Paulus, the name of a Roman and of an apostle."
999999,115509,421007,Greek,29948,ὢν,ōn,V-PPA-NMS,Verb - Present Participle Active - Nominative Masculine Singular,1510,,,, am ,,"I am, exist. The first person singular present indicative; a prolonged form of a primary and defective verb; I exist."
999999,115513,421008,Greek,29948,νυνὶ,nyni,Adv,Adverb,3570,,,, now ,,A prolonged form of nun for emphasis; just now.
999999,115512,421009,Greek,29948,πρεσβύτης,presbytēs,N-NMS,Noun - Nominative Masculine Singular,4246,,,," aged , ",,"An old man, an ambassador. From the same as presbuteros; an old man."
999999,115514,421010,Greek,29948,δὲ,de,Conj,Conjunction,1161,,,, and ,,"A primary particle; but, and, etc."
999999,115516,421011,Greek,29948,δέσμιος,desmios,N-NMS,Noun - Nominative Masculine Singular,1198,,,, a prisoner ,,"One bound, a prisoner. From desmon; a captive."
999999,115517,421012,Greek,29948,Χριστοῦ,Christou,N-GMS,Noun - Genitive Masculine Singular,5547,,,, of Christ ,,"Anointed One; the Messiah, the Christ. From chrio; Anointed One, i.e. The Messiah, an epithet of Jesus."
999999,115518,421013,Greek,29948,Ἰησοῦ,Iēsou,N-GMS,Noun - Genitive Masculine Singular,2424,,,, Jesus ,,"Of Hebrew origin; Jesus, the name of our Lord and two other Israelites."
999999,115515,421014,Greek,29948,καὶ,kai,Conj,Conjunction,2532,,,, as well . ,,"And, even, also, namely. "
999999,115519,421015,Greek,29949,Παρακαλῶ,Parakalō,V-PIA-1S,Verb - Present Indicative Active - 1st Person Singular,3870,Philemon 1:10,,, I appeal ,,"From para and kaleo; to call near, i.e. Invite, invoke."
999999,115520,421016,Greek,29949,σε,se,PPro-A2S,Personal / Possessive Pronoun - Accusative 2nd Person Singular,4771,,,, to you ,,You. The person pronoun of the second person singular; thou.
999999,115521,421017,Greek,29949,περὶ,peri,Prep,Preposition,4012,,,, for ,,"From the base of peran; properly, through, i.e. Around; figuratively with respect to; used in various applications, of place, cause or time."
999999,115523,421018,Greek,29949,ἐμοῦ,emou,PPro-G1S,Personal / Possessive Pronoun - Genitive 1st Person Singular,1699,,,, my ,,"My, mine. From the oblique cases of ego; my."
999999,115522,421019,Greek,29949,τοῦ,tou,Art-GNS,Article - Genitive Neuter Singular,3588,,,, - ,,"The, the definite article. Including the feminine he, and the neuter to in all their inflections; the definite article; the."
999999,115524,421020,Greek,29949,τέκνου,teknou,N-GNS,Noun - Genitive Neuter Singular,5043,,,, child ,,"A child, descendent, inhabitant. From the base of timoria; a child."
999999,115530,421021,Greek,29949,Ὀνήσιμον,Onēsimon,N-AMS,Noun - Accusative Masculine Singular,3682,,,," Onesimus , ",<i>Onesimus</i> means <i>useful</i> (see verse 11) or <i>beneficial</i> (see verse 20).,"From oninemi; profitable; Onesimus, a Christian."
999999,115525,421022,Greek,29949,ὃν,hon,RelPro-AMS,Personal / Relative Pronoun - Accusative Masculine Singular,3739,,,, whose ,,"Who, which, what, that. "
999999,115526,421023,Greek,29949,ἐγέννησα,egennēsa,V-AIA-1S,Verb - Aorist Indicative Active - 1st Person Singular,1080,,,, father I became ,,"From a variation of genos; to procreate; figuratively, to regenerate."
999999,115527,421024,Greek,29949,ἐν,en,Prep,Preposition,1722,,,, [while I was] in ,,"In, on, among. A primary preposition denoting position, and instrumentality, i.e. A relation of rest; |in, | at, on, by, etc."
999999,115528,421025,Greek,29949,τοῖς,tois,Art-DMP,Article - Dative Masculine Plural,3588,,,, - ,,"The, the definite article. Including the feminine he, and the neuter to in all their inflections; the definite article; the."
999999,115529,421026,Greek,29949,δεσμοῖς,desmois,N-DMP,Noun - Dative Masculine Plural,1199,,,, chains . ,,"Or desmos des-mos' neuter and masculine respectively from deo; a band, i.e. Ligament or shackle; figuratively, an impediment or disability."
999999,115532,421027,Greek,29950,ποτέ,pote,Prtcl,Particle,4218,Philemon 1:11,,, Formerly ,,"At one time or other, at some time, formerly. From the base of pou and te; indefinite adverb, at some time, ever."
999999,115531,421028,Greek,29950,τόν,ton,Art-AMS,Article - Accusative Masculine Singular,3588,,,, - ,,"The, the definite article. Including the feminine he, and the neuter to in all their inflections; the definite article; the."
999999,115534,421029,Greek,29950,ἄχρηστον,achrēston,Adj-AMS,Adjective - Accusative Masculine Singular,890,,,, [he was] useless ,,"Unprofitable, useless, detrimental. Inefficient, i.e. detrimental."
999999,115533,421030,Greek,29950,σοι,soi,PPro-D2S,Personal / Possessive Pronoun - Dative 2nd Person Singular,4771,,,," to you , ",,You. The person pronoun of the second person singular; thou.
999999,115536,421031,Greek,29950,δὲ,de,Conj,Conjunction,1161,,,, but ,,"A primary particle; but, and, etc."
999999,115535,421032,Greek,29950,νυνὶ,nyni,Adv,Adverb,3570,,,, now ,,A prolonged form of nun for emphasis; just now.
999999,115541,421033,Greek,29950,εὔχρηστον,euchrēston,Adj-AMS,Adjective - Accusative Masculine Singular,2173,,,, [he has become] useful ,,"Useful, serviceable, very profitable. From eu and chrestos; easily used, i.e. Useful."
999999,115537,421034,Greek,29950,καὶ,kai,Conj,Conjunction,2532,,,, both ,,"And, even, also, namely. "
999999,115538,421035,Greek,29950,σοὶ,soi,PPro-D2S,Personal / Possessive Pronoun - Dative 2nd Person Singular,4771,,,, to you ,,You. The person pronoun of the second person singular; thou.
999999,115539,421036,Greek,29950,καὶ,kai,Conj,Conjunction,2532,,,, and ,,"And, even, also, namely. "
999999,115540,421037,Greek,29950,ἐμοὶ,emoi,PPro-D1S,Personal / Possessive Pronoun - Dative 1st Person Singular,1473,,,, to me . ,,"I, the first-person pronoun. A primary pronoun of the first person I."
999999,115542,421038,Greek,29951,ὃν,hon,RelPro-AMS,Personal / Relative Pronoun - Accusative Masculine Singular,3739,Philemon 1:12,,, vvv ,,"Who, which, what, that. "
999999,115543,421039,Greek,29951,ἀνέπεμψά,anepempsa,V-AIA-1S,Verb - Aorist Indicative Active - 1st Person Singular,375,,,, I am sending back ,,"To send up (to a higher tribunal), send back. From ana and pempo; to send up or back."
999999,115544,421040,Greek,29951,σοι,soi,PPro-D2S,Personal / Possessive Pronoun - Dative 2nd Person Singular,4771,,,, to you ,,You. The person pronoun of the second person singular; thou.
999999,115545,421041,Greek,29951,αὐτόν,auton,PPro-AM3S,Personal / Possessive Pronoun - Accusative Masculine 3rd Person Singular,846,,,, him ,,"He, she, it, they, them, same. From the particle au; the reflexive pronoun self, used of the third person, and of the other persons."
999999,115546,421042,Greek,29951,τοῦτ’,tout’,DPro-NNS,Demonstrative Pronoun - Nominative Neuter Singular,3778,,,, who ,,"This; he, she, it. "
999999,115547,421043,Greek,29951,ἔστιν,estin,V-PIA-3S,Verb - Present Indicative Active - 3rd Person Singular,1510,,,, is ,,"I am, exist. The first person singular present indicative; a prolonged form of a primary and defective verb; I exist."
999999,115549,421044,Greek,29951,ἐμὰ,ema,PPro-NN1P,Personal / Possessive Pronoun - Nominative Neuter 1st Person Plural,1699,,,, my ,,"My, mine. From the oblique cases of ego; my."
999999,115548,421045,Greek,29951,τὰ,ta,Art-ANP,Article - Accusative Neuter Plural,3588,,,, - ,,"The, the definite article. Including the feminine he, and the neuter to in all their inflections; the definite article; the."
999999,115550,421046,Greek,29951,σπλάγχνα,splanchna,N-ANP,Noun - Accusative Neuter Plural,4698,,,, very heart . ,,"Probably strengthened from splen; an intestine; figuratively, pity or sympathy."
999999,115552,421047,Greek,29952,ἐγὼ,egō,PPro-N1S,Personal / Possessive Pronoun - Nominative 1st Person Singular,1473,Philemon 1:13,,, I ,,"I, the first-person pronoun. A primary pronoun of the first person I."
999999,115553,421048,Greek,29952,ἐβουλόμην,eboulomēn,V-IIM/P-1S,Verb - Imperfect Indicative Middle or Passive - 1st Person Singular,1014,,,, would have liked ,,"To will, intend, desire, wish. Middle voice of a primary verb; to |will, | i.e. be willing."
999999,115556,421049,Greek,29952,κατέχειν,katechein,V-PNA,Verb - Present Infinitive Active,2722,,,, to keep ,,"From kata and echo; to hold down, in various applications."
999999,115551,421050,Greek,29952,ὃν,hon,RelPro-AMS,Personal / Relative Pronoun - Accusative Masculine Singular,3739,,,, [him] ,,"Who, which, what, that. "
999999,115554,421051,Greek,29952,πρὸς,pros,Prep,Preposition,4314,,,, with ,,"To, towards, with. A strengthened form of pro; a preposition of direction; forward to, i.e. Toward."
999999,115555,421052,Greek,29952,ἐμαυτὸν,emauton,PPro-AM1S,Personal / Possessive Pronoun - Accusative Masculine 1st Person Singular,1683,,,," me , ",,"Genitive case compound of emou and autos; of myself so likewise the dative case emautoi em-ow-to', and accusative case emauton em-ow-ton'."
999999,115557,421053,Greek,29952,ἵνα,hina,Conj,Conjunction,2443,,,, so that ,,"In order that, so that. Probably from the same as the former part of heautou; in order that."
999999,115558,421054,Greek,29952,ὑπὲρ,hyper,Prep,Preposition,5228,,,, vvv ,,Gen: in behalf of; acc: above. 
999999,115559,421055,Greek,29952,σοῦ,sou,PPro-G2S,Personal / Possessive Pronoun - Genitive 2nd Person Singular,4771,,,, on your behalf ,,You. The person pronoun of the second person singular; thou.
999999,115561,421056,Greek,29952,διακονῇ,diakonē,V-PSA-3S,Verb - Present Subjunctive Active - 3rd Person Singular,1247,,,, he could minister to ,,"From diakonos; to be an attendant, i.e. Wait upon (figuratively) teacher; technically, to act as a Christian deacon."
999999,115560,421057,Greek,29952,μοι,moi,PPro-D1S,Personal / Possessive Pronoun - Dative 1st Person Singular,1473,,,, me ,,"I, the first-person pronoun. A primary pronoun of the first person I."
999999,115562,421058,Greek,29952,ἐν,en,Prep,Preposition,1722,,,, in ,,"In, on, among. A primary preposition denoting position, and instrumentality, i.e. A relation of rest; |in, | at, on, by, etc."
999999,115563,421059,Greek,29952,τοῖς,tois,Art-DMP,Article - Dative Masculine Plural,3588,,,, [my] ,,"The, the definite article. Including the feminine he, and the neuter to in all their inflections; the definite article; the."
999999,115564,421060,Greek,29952,δεσμοῖς,desmois,N-DMP,Noun - Dative Masculine Plural,1199,,,, chains ,,"Or desmos des-mos' neuter and masculine respectively from deo; a band, i.e. Ligament or shackle; figuratively, an impediment or disability."
999999,115565,421061,Greek,29952,τοῦ,tou,Art-GNS,Article - Genitive Neuter Singular,3588,,,, for the ,,"The, the definite article. Including the feminine he, and the neuter to in all their inflections; the definite article; the."
999999,115566,421062,Greek,29952,εὐαγγελίου,euangeliou,N-GNS,Noun - Genitive Neuter Singular,2098,,,, gospel . ,,"From the same as euaggelizo; a good message, i.e. The gospel."
999999,115568,421063,Greek,29953,δὲ,de,Conj,Conjunction,1161,Philemon 1:14,,, But ,,"A primary particle; but, and, etc."
999999,115573,421064,Greek,29953,ἠθέλησα,ēthelēsa,V-AIA-1S,Verb - Aorist Indicative Active - 1st Person Singular,2309,,,, I did [not] want ,,"To will, wish, desire, be willing, intend, design. "
999999,115574,421065,Greek,29953,ποιῆσαι,poiēsai,V-ANA,Verb - Aorist Infinitive Active,4160,,,, to do ,,"(a) I make, manufacture, construct, (b) I do, act, cause. Apparently a prolonged form of an obsolete primary; to make or do."
999999,115572,421066,Greek,29953,οὐδὲν,ouden,Adj-ANS,Adjective - Accusative Neuter Singular,3762,,,, [anything] ,,"No one, none, nothing. "
999999,115567,421067,Greek,29953,Χωρὶς,Chōris,Prep,Preposition,5565,,,, without ,,"Apart from, separately from; without. Adverb from chora; at a space, i.e. Separately or apart from."
999999,115570,421068,Greek,29953,σῆς,sēs,PPro-GF2S,Personal / Possessive Pronoun - Genitive Feminine 2nd Person Singular,4674,,,, your ,,"Yours, thy, thine. From su; thine."
999999,115569,421069,Greek,29953,τῆς,tēs,Art-GFS,Article - Genitive Feminine Singular,3588,,,, - ,,"The, the definite article. Including the feminine he, and the neuter to in all their inflections; the definite article; the."
999999,115571,421070,Greek,29953,γνώμης,gnōmēs,N-GFS,Noun - Genitive Feminine Singular,1106,,,," consent , ",,"Opinion, counsel, judgment, intention, decree. From ginosko; cognition, i.e. opinion, or resolve."
999999,115575,421071,Greek,29953,ἵνα,hina,Conj,Conjunction,2443,,,, so that ,,"In order that, so that. Probably from the same as the former part of heautou; in order that."
999999,115582,421072,Greek,29953,σου,sou,PPro-G2S,Personal / Possessive Pronoun - Genitive 2nd Person Singular,4771,,,, your ,,You. The person pronoun of the second person singular; thou.
999999,115580,421073,Greek,29953,τὸ,to,Art-NNS,Article - Nominative Neuter Singular,3588,,,, - ,,"The, the definite article. Including the feminine he, and the neuter to in all their inflections; the definite article; the."
999999,115581,421074,Greek,29953,ἀγαθόν,agathon,Adj-NNS,Adjective - Nominative Neuter Singular,18,,,, goodness ,,A primary word; |good|.
999999,115583,421075,Greek,29953,ᾖ,ē,V-PSA-3S,Verb - Present Subjunctive Active - 3rd Person Singular,1510,,,, will not be ,,"I am, exist. The first person singular present indicative; a prolonged form of a primary and defective verb; I exist."
999999,115576,421076,Greek,29953,μὴ,mē,Adv,Adverb,3361,,,, . . . ,,"Not, lest. A primary particle of qualified negation; not, lest; also (whereas ou expects an affirmative one) whether."
999999,115577,421077,Greek,29953,ὡς,hōs,Adv,Adverb,5613,,,, vvv ,,"Probably adverb of comparative from hos; which how, i.e. In that manner."
999999,115578,421078,Greek,29953,κατὰ,kata,Prep,Preposition,2596,,,, out of ,,"A primary particle; down, in varied relations (genitive, dative or accusative) with which it is joined)."
999999,115579,421079,Greek,29953,ἀνάγκην,anankēn,N-AFS,Noun - Accusative Feminine Singular,318,,,," compulsion , ",,"From ana and the base of agkale; constraint; by implication, distress."
999999,115584,421080,Greek,29953,ἀλλὰ,alla,Conj,Conjunction,235,,,, but ,,"But, except, however. Neuter plural of allos; properly, other things, i.e. contrariwise."
999999,115585,421081,Greek,29953,κατὰ,kata,Prep,Preposition,2596,,,, by ,,"A primary particle; down, in varied relations (genitive, dative or accusative) with which it is joined)."
999999,115586,421082,Greek,29953,ἑκούσιον,hekousion,Adj-ANS,Adjective - Accusative Neuter Singular,1595,,,, your own free will . ,,"Willing, with right good will, voluntary, spontaneous. Neuter of a derivative from hekon; voluntariness."
999999,115588,421083,Greek,29954,γὰρ,gar,Conj,Conjunction,1063,Philemon 1:15,,, For ,,"For. A primary particle; properly, assigning a reason."
999999,115587,421084,Greek,29954,τάχα,tacha,Adv,Adverb,5029,,,, perhaps ,,"Quickly, presently, perhaps. As if neuter plural of tachus; shortly, i.e. possibly."
999999,115589,421085,Greek,29954,διὰ,dia,Prep,Preposition,1223,,,, this is why ,,A primary preposition denoting the channel of an act; through.
999999,115590,421086,Greek,29954,τοῦτο,touto,DPro-ANS,Demonstrative Pronoun - Accusative Neuter Singular,3778,,,, . . . ,,"This; he, she, it. "
999999,115591,421087,Greek,29954,ἐχωρίσθη,echōristhē,V-AIP-3S,Verb - Aorist Indicative Passive - 3rd Person Singular,5563,,,, he was separated [from you] ,,"From chora; to place room between, i.e. Part; reflexively, to go away."
999999,115592,421088,Greek,29954,πρὸς,pros,Prep,Preposition,4314,,,, for ,,"To, towards, with. A strengthened form of pro; a preposition of direction; forward to, i.e. Toward."
999999,115593,421089,Greek,29954,ὥραν,hōran,N-AFS,Noun - Accusative Feminine Singular,5610,,,," a while , ",,Apparently a primary word; an |hour|.
999999,115594,421090,Greek,29954,ἵνα,hina,Conj,Conjunction,2443,,,, so that ,,"In order that, so that. Probably from the same as the former part of heautou; in order that."
999999,115597,421091,Greek,29954,ἀπέχῃς,apechēs,V-ASA-2S,Verb - Aorist Subjunctive Active - 2nd Person Singular,568,,,, you might have him back ,,"To have in full, be far, it is enough. From apo and echo; to have out, i.e. Receive in full; to keep away, i.e. Be distant."
999999,115596,421092,Greek,29954,αὐτὸν,auton,PPro-AM3S,Personal / Possessive Pronoun - Accusative Masculine 3rd Person Singular,846,,,, . . . ,,"He, she, it, they, them, same. From the particle au; the reflexive pronoun self, used of the third person, and of the other persons."
999999,115595,421093,Greek,29954,αἰώνιον,aiōnion,Adj-AMS,Adjective - Accusative Masculine Singular,166,,,, for good — ,,From aion; perpetual.
999999,115598,421094,Greek,29955,οὐκέτι,ouketi,Adv,Adverb,3765,Philemon 1:16,,, no longer ,,"No longer, no more. Also ouk eti from ou and eti; not yet, no longer."
999999,115599,421095,Greek,29955,ὡς,hōs,Adv,Adverb,5613,,,, as ,,"Probably adverb of comparative from hos; which how, i.e. In that manner."
999999,115600,421096,Greek,29955,δοῦλον,doulon,N-AMS,Noun - Accusative Masculine Singular,1401,,,," a slave , ",,"(a) (as adj.) enslaved, (b) (as noun) a (male) slave. From deo; a slave."
999999,115601,421097,Greek,29955,ἀλλὰ,alla,Conj,Conjunction,235,,,, but ,,"But, except, however. Neuter plural of allos; properly, other things, i.e. contrariwise."
999999,115602,421098,Greek,29955,ὑπὲρ,hyper,Prep,Preposition,5228,,,, better than ,,Gen: in behalf of; acc: above. 
999999,115603,421099,Greek,29955,δοῦλον,doulon,N-AMS,Noun - Accusative Masculine Singular,1401,,,," a slave , ",,"(a) (as adj.) enslaved, (b) (as noun) a (male) slave. From deo; a slave."
999999,115605,421100,Greek,29955,ἀγαπητόν,agapēton,Adj-AMS,Adjective - Accusative Masculine Singular,27,,,, [as] a beloved ,,From agapao; beloved.
999999,115604,421101,Greek,29955,ἀδελφὸν,adelphon,N-AMS,Noun - Accusative Masculine Singular,80,,,, brother . ,,"A brother, member of the same religious community, especially a fellow-Christian. A brother near or remote."
999999,115606,421102,Greek,29955,μάλιστα,malista,Adv,Adverb,3122,,,, [He is] especially [ beloved ] ,,"Most of all, especially. Neuter plural of the superlative of an apparently primary adverb mala; most or particularly."
999999,115607,421103,Greek,29955,ἐμοί,emoi,PPro-D1S,Personal / Possessive Pronoun - Dative 1st Person Singular,1473,,,," to me , ",,"I, the first-person pronoun. A primary pronoun of the first person I."
999999,115609,421104,Greek,29955,δὲ,de,Conj,Conjunction,1161,,,, but ,,"A primary particle; but, and, etc."
999999,115608,421105,Greek,29955,πόσῳ,posō,IPro-DNS,Interrogative / Indefinite Pronoun - Dative Neuter Singular,4214,,,, even more so ,,"How much, how great, how many. From an absolute pos and hos; interrogative pronoun how much (plural) many)."
999999,115610,421106,Greek,29955,μᾶλλον,mallon,Adv,Adverb,3123,,,, . . . ,,"More, rather. Neuter of the comparative of the same as malista; more) or rather."
999999,115611,421107,Greek,29955,σοὶ,soi,PPro-D2S,Personal / Possessive Pronoun - Dative 2nd Person Singular,4771,,,," to you , ",,You. The person pronoun of the second person singular; thou.
999999,115612,421108,Greek,29955,καὶ,kai,Conj,Conjunction,2532,,,, both ,,"And, even, also, namely. "
999999,115613,421109,Greek,29955,ἐν,en,Prep,Preposition,1722,,,, in ,,"In, on, among. A primary preposition denoting position, and instrumentality, i.e. A relation of rest; |in, | at, on, by, etc."
999999,115614,421110,Greek,29955,σαρκὶ,sarki,N-DFS,Noun - Dative Feminine Singular,4561,,,, person ,,"Flesh, body, human nature, materiality; kindred. "
999999,115615,421111,Greek,29955,καὶ,kai,Conj,Conjunction,2532,,,, and ,,"And, even, also, namely. "
999999,115616,421112,Greek,29955,ἐν,en,Prep,Preposition,1722,,,, in ,,"In, on, among. A primary preposition denoting position, and instrumentality, i.e. A relation of rest; |in, | at, on, by, etc."
999999,115617,421113,Greek,29955,Κυρίῳ,Kyriō,N-DMS,Noun - Dative Masculine Singular,2962,,,, [the] Lord . ,,"Lord, master, sir; the Lord. From kuros; supreme in authority, i.e. controller; by implication, Master."
999999,115619,421114,Greek,29956,οὖν,oun,Conj,Conjunction,3767,Philemon 1:17,,, So ,,"Therefore, then. Apparently a primary word; certainly, or accordingly."
999999,115618,421115,Greek,29956,Εἰ,Ei,Conj,Conjunction,1487,,,, if ,,"If. A primary particle of conditionality; if, whether, that, etc."
999999,115621,421116,Greek,29956,ἔχεις,echeis,V-PIA-2S,Verb - Present Indicative Active - 2nd Person Singular,2192,,,, you consider ,,"To have, hold, possess. Including an alternate form scheo skheh'-o; a primary verb; to hold."
999999,115620,421117,Greek,29956,με,me,PPro-A1S,Personal / Possessive Pronoun - Accusative 1st Person Singular,1473,,,, me ,,"I, the first-person pronoun. A primary pronoun of the first person I."
999999,115622,421118,Greek,29956,κοινωνόν,koinōnon,N-AMS,Noun - Accusative Masculine Singular,2844,,,," a partner , ",,"A sharer, partner, companion. From koinos; a sharer, i.e. Associate."
999999,115623,421119,Greek,29956,προσλαβοῦ,proslabou,V-AMM-2S,Verb - Aorist Imperative Middle - 2nd Person Singular,4355,,,, receive ,,"(a) I take to myself, (b) I take aside, (c) I welcome. From pros and lambano; to take to oneself, i.e. Use, lead, admit."
999999,115624,421120,Greek,29956,αὐτὸν,auton,PPro-AM3S,Personal / Possessive Pronoun - Accusative Masculine 3rd Person Singular,846,,,, him ,,"He, she, it, they, them, same. From the particle au; the reflexive pronoun self, used of the third person, and of the other persons."
999999,115625,421121,Greek,29956,ὡς,hōs,Adv,Adverb,5613,,,, as [you would receive] ,,"Probably adverb of comparative from hos; which how, i.e. In that manner."
999999,115626,421122,Greek,29956,ἐμέ,eme,PPro-A1S,Personal / Possessive Pronoun - Accusative 1st Person Singular,1473,,,, me . ,,"I, the first-person pronoun. A primary pronoun of the first person I."
999999,115628,421123,Greek,29957,δέ,de,Conj,Conjunction,1161,Philemon 1:18,,, But ,,"A primary particle; but, and, etc."
999999,115627,421124,Greek,29957,εἰ,ei,Conj,Conjunction,1487,,,, if ,,"If. A primary particle of conditionality; if, whether, that, etc."
999999,115630,421125,Greek,29957,ἠδίκησέν,ēdikēsen,V-AIA-3S,Verb - Aorist Indicative Active - 3rd Person Singular,91,,,, he has wronged ,,"To act unjustly towards, injure, harm. From adikos; to be unjust, i.e. do wrong."
999999,115631,421126,Greek,29957,σε,se,PPro-A2S,Personal / Possessive Pronoun - Accusative 2nd Person Singular,4771,,,, you ,,You. The person pronoun of the second person singular; thou.
999999,115629,421127,Greek,29957,τι,ti,IPro-ANS,Interrogative / Indefinite Pronoun - Accusative Neuter Singular,5100,,,, in any way ,,"Any one, some one, a certain one or thing. An enclitic indefinite pronoun; some or any person or object."
999999,115632,421128,Greek,29957,ἢ,ē,Conj,Conjunction,2228,,,, or ,,"Or, than. A primary particle of distinction between two connected terms; disjunctive, or; comparative, than."
999999,115633,421129,Greek,29957,ὀφείλει,opheilei,V-PIA-3S,Verb - Present Indicative Active - 3rd Person Singular,3784,,,," owes [you anything] , ",,"Or, its prolonged form opheileo probably from the base of ophelos; to owe; figuratively, to be under obligation; morally, to fail in duty."
999999,115634,421130,Greek,29957,τοῦτο,touto,DPro-ANS,Demonstrative Pronoun - Accusative Neuter Singular,3778,,,, vvv ,,"This; he, she, it. "
999999,115635,421131,Greek,29957,ἐμοὶ,emoi,PPro-D1S,Personal / Possessive Pronoun - Dative 1st Person Singular,1473,,,, vvv ,,"I, the first-person pronoun. A primary pronoun of the first person I."
999999,115636,421132,Greek,29957,ἐλλόγα,elloga,V-PMA-2S,Verb - Present Imperative Active - 2nd Person Singular,1677,,,, charge it to my account . ,,"To charge to, put to one's account, impute. From en and logos; to reckon in, i.e. Attribute."
999999,115637,421133,Greek,29958,ἐγὼ,egō,PPro-N1S,Personal / Possessive Pronoun - Nominative 1st Person Singular,1473,Philemon 1:19,,," I , ",,"I, the first-person pronoun. A primary pronoun of the first person I."
999999,115638,421134,Greek,29958,Παῦλος,Paulos,N-NMS,Noun - Nominative Masculine Singular,3972,,,," Paul , ",,"Paul, Paulus. Of Latin origin; Paulus, the name of a Roman and of an apostle."
999999,115639,421135,Greek,29958,ἔγραψα,egrapsa,V-AIA-1S,Verb - Aorist Indicative Active - 1st Person Singular,1125,,,, write [this] ,,"A primary verb; to |grave|, especially to write; figuratively, to describe."
999999,115640,421136,Greek,29958,τῇ,tē,Art-DFS,Article - Dative Feminine Singular,3588,,,, with ,,"The, the definite article. Including the feminine he, and the neuter to in all their inflections; the definite article; the."
999999,115641,421137,Greek,29958,ἐμῇ,emē,PPro-DF1S,Personal / Possessive Pronoun - Dative Feminine 1st Person Singular,1699,,,, my own ,,"My, mine. From the oblique cases of ego; my."
999999,115642,421138,Greek,29958,χειρί,cheiri,N-DFS,Noun - Dative Feminine Singular,5495,,,, hand . ,,A hand. 
999999,115643,421139,Greek,29958,ἐγὼ,egō,PPro-N1S,Personal / Possessive Pronoun - Nominative 1st Person Singular,1473,,,, I ,,"I, the first-person pronoun. A primary pronoun of the first person I."
999999,115644,421140,Greek,29958,ἀποτίσω,apotisō,V-FIA-1S,Verb - Future Indicative Active - 1st Person Singular,661,,,, will repay [it] — ,,"To repay, pay what is due (by way of punishment or fine), make good. From apo and tino; to pay in full."
999999,115646,421141,Greek,29958,μὴ,mē,Adv,Adverb,3361,,,, not ,,"Not, lest. A primary particle of qualified negation; not, lest; also (whereas ou expects an affirmative one) whether."
999999,115645,421142,Greek,29958,ἵνα,hina,Conj,Conjunction,2443,,,, to ,,"In order that, so that. Probably from the same as the former part of heautou; in order that."
999999,115647,421143,Greek,29958,λέγω,legō,V-PSA-1S,Verb - Present Subjunctive Active - 1st Person Singular,3004,,,, mention ,,"(a) I say, speak; I mean, mention, tell, (b) I call, name, especially in the pass., (c) I tell, command. "
999999,115648,421144,Greek,29958,σοι,soi,PPro-D2S,Personal / Possessive Pronoun - Dative 2nd Person Singular,4771,,,, - ,,You. The person pronoun of the second person singular; thou.
999999,115649,421145,Greek,29958,ὅτι,hoti,Conj,Conjunction,3754,,,, that ,,"Neuter of hostis as conjunction; demonstrative, that; causative, because."
999999,115653,421146,Greek,29958,προσοφείλεις,prosopheileis,V-PIA-2S,Verb - Present Indicative Active - 2nd Person Singular,4359,,,, you owe ,,To owe besides (in addition). From pros and opheilo; to be indebted additionally.
999999,115652,421147,Greek,29958,μοι,moi,PPro-D1S,Personal / Possessive Pronoun - Dative 1st Person Singular,1473,,,, me ,,"I, the first-person pronoun. A primary pronoun of the first person I."
999999,115650,421148,Greek,29958,καὶ,kai,Conj,Conjunction,2532,,,, vvv ,,"And, even, also, namely. "
999999,115651,421149,Greek,29958,σεαυτόν,seauton,PPro-AM2S,Personal / Possessive Pronoun - Accusative Masculine 2nd Person Singular,4572,,,, your very self . ,,Of yourself. 
999999,115654,421150,Greek,29959,Ναί,Nai,Prtcl,Particle,3483,Philemon 1:20,,," Yes , ",,"Yes, certainly, even so. A primary particle of strong affirmation; yes."
999999,115655,421151,Greek,29959,ἀδελφέ,adelphe,N-VMS,Noun - Vocative Masculine Singular,80,,,," brother , ",,"A brother, member of the same religious community, especially a fellow-Christian. A brother near or remote."
999999,115656,421152,Greek,29959,ἐγώ,egō,PPro-N1S,Personal / Possessive Pronoun - Nominative 1st Person Singular,1473,,,, vvv ,,"I, the first-person pronoun. A primary pronoun of the first person I."
999999,115658,421153,Greek,29959,ὀναίμην,onaimēn,V-AOM-1S,Verb - Aorist Optative Middle - 1st Person Singular,3685,,,, let me have some benefit ,"Greek <i>onaim&#275;n</i>, a play on the name <i>Onesimus</i>","To profit, benefit, help; mid: I have profit, derive benefit. "
999999,115657,421154,Greek,29959,σου,sou,PPro-G2S,Personal / Possessive Pronoun - Genitive 2nd Person Singular,4771,,,, from you ,,You. The person pronoun of the second person singular; thou.
999999,115659,421155,Greek,29959,ἐν,en,Prep,Preposition,1722,,,, in ,,"In, on, among. A primary preposition denoting position, and instrumentality, i.e. A relation of rest; |in, | at, on, by, etc."
999999,115660,421156,Greek,29959,Κυρίῳ,Kyriō,N-DMS,Noun - Dative Masculine Singular,2962,,,, [the] Lord . ,,"Lord, master, sir; the Lord. From kuros; supreme in authority, i.e. controller; by implication, Master."
999999,115661,421157,Greek,29959,ἀνάπαυσόν,anapauson,V-AMA-2S,Verb - Aorist Imperative Active - 2nd Person Singular,373,,,, Refresh ,,"From ana and pauo; to repose (be exempt), remain); by implication, to refresh."
999999,115662,421158,Greek,29959,μου,mou,PPro-G1S,Personal / Possessive Pronoun - Genitive 1st Person Singular,1473,,,, my ,,"I, the first-person pronoun. A primary pronoun of the first person I."
999999,115663,421159,Greek,29959,τὰ,ta,Art-ANP,Article - Accusative Neuter Plural,3588,,,, - ,,"The, the definite article. Including the feminine he, and the neuter to in all their inflections; the definite article; the."
999999,115664,421160,Greek,29959,σπλάγχνα,splanchna,N-ANP,Noun - Accusative Neuter Plural,4698,,,, heart ,,"Probably strengthened from splen; an intestine; figuratively, pity or sympathy."
999999,115665,421161,Greek,29959,ἐν,en,Prep,Preposition,1722,,,, in ,,"In, on, among. A primary preposition denoting position, and instrumentality, i.e. A relation of rest; |in, | at, on, by, etc."
999999,115666,421162,Greek,29959,Χριστῷ,Christō,N-DMS,Noun - Dative Masculine Singular,5547,,,, Christ . ,,"Anointed One; the Messiah, the Christ. From chrio; Anointed One, i.e. The Messiah, an epithet of Jesus."
999999,115667,421163,Greek,29960,Πεποιθὼς,Pepoithōs,V-RPA-NMS,Verb - Perfect Participle Active - Nominative Masculine Singular,3982,Philemon 1:21,,, Confident of ,,"A primary verb; to convince; by analogy, to pacify or conciliate; reflexively or passively, to assent, to rely."
999999,115670,421164,Greek,29960,σου,sou,PPro-G2S,Personal / Possessive Pronoun - Genitive 2nd Person Singular,4771,,,, your ,,You. The person pronoun of the second person singular; thou.
999999,115668,421165,Greek,29960,τῇ,tē,Art-DFS,Article - Dative Feminine Singular,3588,,,, - ,,"The, the definite article. Including the feminine he, and the neuter to in all their inflections; the definite article; the."
999999,115669,421166,Greek,29960,ὑπακοῇ,hypakoē,N-DFS,Noun - Dative Feminine Singular,5218,,,," obedience , ",,"Obedience, submissiveness, compliance. From hupakouo; attentive hearkening, i.e. compliance or submission."
999999,115671,421167,Greek,29960,ἔγραψά,egrapsa,V-AIA-1S,Verb - Aorist Indicative Active - 1st Person Singular,1125,,,, I write ,,"A primary verb; to |grave|, especially to write; figuratively, to describe."
999999,115672,421168,Greek,29960,σοι,soi,PPro-D2S,Personal / Possessive Pronoun - Dative 2nd Person Singular,4771,,,," to you , ",,You. The person pronoun of the second person singular; thou.
999999,115673,421169,Greek,29960,εἰδὼς,eidōs,V-RPA-NMS,Verb - Perfect Participle Active - Nominative Masculine Singular,1492,,,, knowing ,,"To know, remember, appreciate. "
999999,115674,421170,Greek,29960,ὅτι,hoti,Conj,Conjunction,3754,,,, that ,,"Neuter of hostis as conjunction; demonstrative, that; causative, because."
999999,115679,421171,Greek,29960,ποιήσεις,poiēseis,V-FIA-2S,Verb - Future Indicative Active - 2nd Person Singular,4160,,,, you will do ,,"(a) I make, manufacture, construct, (b) I do, act, cause. Apparently a prolonged form of an obsolete primary; to make or do."
999999,115675,421172,Greek,29960,καὶ,kai,Conj,Conjunction,2532,,,, even ,,"And, even, also, namely. "
999999,115676,421173,Greek,29960,ὑπὲρ,hyper,Prep,Preposition,5228,,,, more ,,Gen: in behalf of; acc: above. 
999999,115677,421174,Greek,29960,ἃ,ha,RelPro-ANP,Personal / Relative Pronoun - Accusative Neuter Plural,3739,,,, than ,,"Who, which, what, that. "
999999,115678,421175,Greek,29960,λέγω,legō,V-PIA-1S,Verb - Present Indicative Active - 1st Person Singular,3004,,,, I ask . ,,"(a) I say, speak; I mean, mention, tell, (b) I call, name, especially in the pass., (c) I tell, command. "
999999,115681,421176,Greek,29961,δὲ,de,Conj,Conjunction,1161,Philemon 1:22,,, In the meantime ,,"A primary particle; but, and, etc."
999999,115680,421177,Greek,29961,Ἅμα,Hama,Adv,Adverb,260,,,," . . . , ",,"A primary particle; properly, at the |same| time, but freely used as a preposition or adverb denoting close association."
999999,115683,421178,Greek,29961,ἑτοίμαζέ,hetoimaze,V-PMA-2S,Verb - Present Imperative Active - 2nd Person Singular,2090,,,, prepare ,,"To make ready, prepare. From hetoimos; to prepare."
999999,115685,421179,Greek,29961,ξενίαν,xenian,N-AFS,Noun - Accusative Feminine Singular,3578,,,, a guest room ,,"Lodging, hospitality. From xenos; hospitality, i.e. a place of entertainment."
999999,115684,421180,Greek,29961,μοι,moi,PPro-D1S,Personal / Possessive Pronoun - Dative 1st Person Singular,1473,,,, for me ,,"I, the first-person pronoun. A primary pronoun of the first person I."
999999,115682,421181,Greek,29961,καὶ,kai,Conj,Conjunction,2532,,,," - , ",,"And, even, also, namely. "
999999,115687,421182,Greek,29961,γὰρ,gar,Conj,Conjunction,1063,,,, because ,,"For. A primary particle; properly, assigning a reason."
999999,115686,421183,Greek,29961,ἐλπίζω,elpizō,V-PIA-1S,Verb - Present Indicative Active - 1st Person Singular,1679,,,, I hope ,,"To hope, hope for, expect, trust. From elpis; to expect or confide."
999999,115688,421184,Greek,29961,ὅτι,hoti,Conj,Conjunction,3754,,,, that ,,"Neuter of hostis as conjunction; demonstrative, that; causative, because."
999999,115689,421185,Greek,29961,διὰ,dia,Prep,Preposition,1223,,,, through ,,A primary preposition denoting the channel of an act; through.
999999,115692,421186,Greek,29961,ὑμῶν,hymōn,PPro-G2P,Personal / Possessive Pronoun - Genitive 2nd Person Plural,4771,,,, your ,,You. The person pronoun of the second person singular; thou.
999999,115690,421187,Greek,29961,τῶν,tōn,Art-GFP,Article - Genitive Feminine Plural,3588,,,, - ,,"The, the definite article. Including the feminine he, and the neuter to in all their inflections; the definite article; the."
999999,115691,421188,Greek,29961,προσευχῶν,proseuchōn,N-GFP,Noun - Genitive Feminine Plural,4335,,,, prayers ,,"From proseuchomai; prayer; by implication, an oratory."
999999,115693,421189,Greek,29961,χαρισθήσομαι,charisthēsomai,V-FIP-1S,Verb - Future Indicative Passive - 1st Person Singular,5483,,,, I will be restored ,,"(a) To show favor to, (b) To pardon, forgive, (c) To show kindness. "
999999,115694,421190,Greek,29961,ὑμῖν,hymin,PPro-D2P,Personal / Possessive Pronoun - Dative 2nd Person Plural,4771,,,, to you . ,,You. The person pronoun of the second person singular; thou.
999999,115697,421191,Greek,29962,Ἐπαφρᾶς,Epaphras,N-NMS,Noun - Nominative Masculine Singular,1889,Philemon 1:23,Additional Greetings,," Epaphras , ",,"Contracted from Epaphroditos; Epaphras, a Christian."
999999,115700,421192,Greek,29962,μου,mou,PPro-G1S,Personal / Possessive Pronoun - Genitive 1st Person Singular,1473,,,, my ,,"I, the first-person pronoun. A primary pronoun of the first person I."
999999,115698,421193,Greek,29962,ὁ,ho,Art-NMS,Article - Nominative Masculine Singular,3588,,,, - ,,"The, the definite article. Including the feminine he, and the neuter to in all their inflections; the definite article; the."
999999,115699,421194,Greek,29962,συναιχμάλωτός,synaichmalōtos,N-NMS,Noun - Nominative Masculine Singular,4869,,,, fellow prisoner ,,A fellow captive or prisoner. From sun and aichmalotos; a co-captive.
999999,115701,421195,Greek,29962,ἐν,en,Prep,Preposition,1722,,,, in ,,"In, on, among. A primary preposition denoting position, and instrumentality, i.e. A relation of rest; |in, | at, on, by, etc."
999999,115702,421196,Greek,29962,Χριστῷ,Christō,N-DMS,Noun - Dative Masculine Singular,5547,,,, Christ ,,"Anointed One; the Messiah, the Christ. From chrio; Anointed One, i.e. The Messiah, an epithet of Jesus."
999999,115703,421197,Greek,29962,Ἰησοῦ,Iēsou,N-DMS,Noun - Dative Masculine Singular,2424,,,," Jesus , ",,"Of Hebrew origin; Jesus, the name of our Lord and two other Israelites."
999999,115695,421198,Greek,29962,Ἀσπάζεταί,Aspazetai,V-PIM/P-3S,Verb - Present Indicative Middle or Passive - 3rd Person Singular,782,,,, sends you greetings ,,"To greet, salute, pay my respects to, welcome. To enfold in the arms, i.e. to salute, to welcome."
999999,115696,421199,Greek,29962,σε,se,PPro-A2S,Personal / Possessive Pronoun - Accusative 2nd Person Singular,4771,,,," . . . , ",,You. The person pronoun of the second person singular; thou.
999999,115704,421200,Greek,29963,Μᾶρκος,Markos,N-NMS,Noun - Nominative Masculine Singular,3138,Philemon 1:24,,," [as do] Mark , ",,"Of Latin origin; Marcus, a Christian."
999999,115705,421201,Greek,29963,Ἀρίσταρχος,Aristarchos,N-NMS,Noun - Nominative Masculine Singular,708,,,," Aristarchus , ",,"From the same as ariston and archo; best ruling; Aristarchus, a Macedonian."
999999,115706,421202,Greek,29963,Δημᾶς,Dēmas,N-NMS,Noun - Nominative Masculine Singular,1214,,,," Demas , ",,"Demas, a helper of Paul in Rome. Probably for Demetrios; Demas, a Christian."
999999,115707,421203,Greek,29963,Λουκᾶς,Loukas,N-NMS,Noun - Nominative Masculine Singular,3065,,,," [and] Luke , ",,"Lucas, Luke, Christian physician and writer of the Third Gospel and Acts. Contracted from Latin Lucanus; Lucas, a Christian."
999999,115710,421204,Greek,29963,μου,mou,PPro-G1S,Personal / Possessive Pronoun - Genitive 1st Person Singular,1473,,,, my ,,"I, the first-person pronoun. A primary pronoun of the first person I."
999999,115708,421205,Greek,29963,οἱ,hoi,Art-NMP,Article - Nominative Masculine Plural,3588,,,, - ,,"The, the definite article. Including the feminine he, and the neuter to in all their inflections; the definite article; the."
999999,115709,421206,Greek,29963,συνεργοί,synergoi,Adj-NMP,Adjective - Nominative Masculine Plural,4904,,,, fellow workers . ,,"A fellow worker, associate, helper. From a presumed compound of sun and the base of ergon; a co-laborer, i.e. Coadjutor."
999999,115711,421207,Greek,29964,Ἡ,Hē,Art-NFS,Article - Nominative Feminine Singular,3588,Philemon 1:25,,, The ,,"The, the definite article. Including the feminine he, and the neuter to in all their inflections; the definite article; the."
999999,115712,421208,Greek,29964,χάρις,charis,N-NFS,Noun - Nominative Feminine Singular,5485,,,, grace ,,"From chairo; graciousness, of manner or act."
999999,115713,421209,Greek,29964,τοῦ,tou,Art-GMS,Article - Genitive Masculine Singular,3588,,,, of the ,,"The, the definite article. Including the feminine he, and the neuter to in all their inflections; the definite article; the."
999999,115714,421210,Greek,29964,Κυρίου,Kyriou,N-GMS,Noun - Genitive Masculine Singular,2962,,,, Lord ,,"Lord, master, sir; the Lord. From kuros; supreme in authority, i.e. controller; by implication, Master."
999999,115715,421211,Greek,29964,Ἰησοῦ,Iēsou,N-GMS,Noun - Genitive Masculine Singular,2424,,,, Jesus ,,"Of Hebrew origin; Jesus, the name of our Lord and two other Israelites."
999999,115716,421212,Greek,29964,Χριστοῦ,Christou,N-GMS,Noun - Genitive Masculine Singular,5547,,,, Christ ,,"Anointed One; the Messiah, the Christ. From chrio; Anointed One, i.e. The Messiah, an epithet of Jesus."
999999,115717,421213,Greek,29964,μετὰ,meta,Prep,Preposition,3326,,,, [be] with ,,"(a) gen: with, in company with, (b) acc: (1) behind, beyond, after, of place, (2) after, of time, with nouns, neut. of adjectives. "
999999,115720,421214,Greek,29964,ὑμῶν,hymōn,PPro-G2P,Personal / Possessive Pronoun - Genitive 2nd Person Plural,4771,,,, your ,,You. The person pronoun of the second person singular; thou.
999999,115718,421215,Greek,29964,τοῦ,tou,Art-GNS,Article - Genitive Neuter Singular,3588,,,, - ,,"The, the definite article. Including the feminine he, and the neuter to in all their inflections; the definite article; the."
999999,115719,421216,Greek,29964,πνεύματος,pneumatos,N-GNS,Noun - Genitive Neuter Singular,4151,,,, spirit . ,BYZ and TR include <i>Amen.</i>,"Wind, breath, spirit. "
